[
    {
        "순번": 1,
        "이름": "삼성전자",
        "제목": "\"삼성전자, 좋아질 일만 남았다…외국인 순매수 이어질 것\"",
        "내용": "이날 삼성전자 주식은 유가증권시장에서 오전 9시 30분 기준 전 거래일 대비 0.46% 하락한 6만 5,300 원에 거래되고 있다. KB증권은 삼성전자의 시스템 반도체 사업의 선단 공정인 3nm, 4nm, 5nm 파운드리 수율이 전년대비 큰..."
    },
    {
        "순번": 2,
        "이름": "삼성전자",
        "제목": "“내 주식은 왜 안오르나”…올 1분기 상장사 10곳 중 7곳 시총 뛰었다",
        "내용": "이는 지난 3월 말 SK그룹 최태원 회장(2조 2401억 원)과 LG그룹 구광모 회장(2조 780억 원)이 보유한 주식평가액보다 더 많은 것이다. 삼성전자가 지분 투자한 로봇 제작업체인 레인보우로보틱스 역시 올초..."
    },
    {
        "순번": 3,
        "이름": "삼성전자",
        "제목": "'반환점' 지난 삼성 준법위, ESG·공정·투명 경영 '방점'",
        "내용": "삼성 지배구조는 '이재용 회장→삼성물산→삼성생명→삼성전자'로 이어지는 구조가 핵심인데, 이중 삼성생명에서 삼성전자로 이어지는 연결고리가 상대적으로 약하다는 평이다. 국회에서는 보험사의 계열사 주식..."
    },
    {
        "순번": 4,
        "이름": "삼성전자",
        "제목": "삼성전자 '사고' SK하이닉스 '팔고'… 외인이 가른 반도체株",
        "내용": "외국인 투자자들은 같은 기간 삼성전자의 주식을 2조원 넘게 사들였다. 순매수 2위인 현대차(2072억원)보다 10배 넘게 사들인, 외국인들의 순매수 종목 중 압도적 1위다. 삼성전자의 인위적 감산 소식에 메모 반도체..."
    },
    {
        "순번": 5,
        "이름": "삼성전자",
        "제목": "BC카드, 주식투자서비스 오르락 출시",
        "내용": "오르락 서비스에 가입하고 계좌 개설시 국내 대표 주식 10개 종목(삼성전자, 네이버, 카카오뱅크, 하이브, 기아, KT, 풀무원, BGF, 지니뮤직, 티웨이항공) 중 1주를 랜덤으로 받을 수 있다. 오르락 서비스는 페이북..."
    },
    {
        "순번": 6,
        "이름": "삼성전자",
        "제목": "삼성전자 1분기에 50조 증가...삼성 오너가 가치도 3조 가량 상승",
        "내용": "특히 삼성전자 주식이 50조원 이상 증가하면서 홍라희 전 리움미술관 관장과 이재용 삼성전자 회장도 주식가치도 8000억원 이상 늘어났다. 기업분석전문 한국CXO연구소는 19일 2023년 1분기 국내 주식시장..."
    },
    {
        "순번": 7,
        "이름": "삼성전자",
        "제목": "미래에셋증권, 주식워런트증권 235개 종목 신규 상장",
        "내용": "미래에셋증권은 주식워런트증권(ELW) 235개 종목의 신규 상장을 완료했다. 19일 미래에셋증권(회장 최현만)... 종목형 ELW는 POSCO홀딩스, SK하이닉스, 삼성전자, 두산에너빌리티 등 다양한 종목을 신규 상장 한다...."
    },
    {
        "순번": 8,
        "이름": "삼성전자",
        "제목": "[데이터로 보는 증시]기아·기관·삼성전자, 외국인 코스피 순매수 1위(4월 1...",
        "내용": "투자자별로는 개인과 외국인이 각각 371억 원, 193억어치 주식을 순매도했다. 기관은 451억... 외국인은 삼성전자(005930)(692.6억 원)와 LG전자(331.3억 원), 하이브(202.5억 원), 두산에너빌리티..."
    },
    {
        "순번": 9,
        "이름": "삼성전자",
        "제목": "경제·주식 최고 고수 엄선 …\"지갑 부풀릴 비법 챙기세요\"",
        "내용": "한동희 SK증권 리서치센터 연구위원은 올 하반기가 삼성전자 등 반도체 주식의 기회가 될 수 있다고 봤다. 그는 \"삼성전자의 감산 제1 목적은 '연내 재고 정상화'가 아닌 '가격 하락의 안정화'일 것\"이라며 \"올 4분기 D램..."
    },
    {
        "순번": 10,
        "이름": "삼성전자",
        "제목": "'삼성전자 쏠림'의 명암",
        "내용": "삼성전자 주식 흐름이 좋지 않은 데다 배당액을 깎을 것이라는 전망도 많아서다. 이에 따라 삼성전자 소액주주 500만명이 씀씀이를 줄일 것이라는 관측이 힘을 얻고 있다. 삼성전자는 대만 반도체 위탁생산(파운드리)..."
    }
]